Date,Epoch,Samples,Time,hidden loss,backbone loss,value loss,policy loss,state loss,reward loss,model
2021-11-26 18:19:56.839236,0,84,4.338594198226929,1.236887276172638,2.4827550252278647,0.8158958256244659,0.0023010872407919,1.349797699186537,0.10358625694385,skills/chess/data/new_param.json
2021-11-26 18:20:01.026861,1,84,8.526219129562378,0.8661229875352647,2.2318855921427407,0.7184097766876221,0.0022885092637605,1.2796409395005968,0.0440395837649703,skills/chess/data/new_param.json
2021-11-26 18:20:05.224431,2,84,12.723788022994995,0.7382131351364983,2.036182708210416,0.6457866165373061,0.0022615904712842,1.3749848339292738,0.0420213476237323,skills/chess/data/new_param.json
2021-11-26 18:20:09.528695,3,84,17.028053998947144,0.6350507901774513,1.984553058942159,0.616324437989129,0.0022578176317943,1.327504528893365,0.0124085745256808,skills/chess/data/new_param.json
2021-11-26 18:20:13.737177,4,84,21.236534118652344,0.6101291610134972,1.9720391697353787,0.6955863336722056,0.0022484406104518,1.3716575569576688,0.0163723638074265,skills/chess/data/new_param.json
2021-11-26 18:20:17.964536,5,84,25.463895082473755,0.5001998444398245,1.872674994998508,0.5768803656101227,0.0022266005786756,1.346310059229533,0.0088273446179098,skills/chess/data/new_param.json
2021-11-26 18:20:22.303809,6,84,29.80316591262817,0.6384677853849199,1.9377929899427624,0.4141581836673949,0.0022094930884324,1.319863478342692,0.0065443423680133,skills/chess/data/new_param.json
2021-11-26 18:20:26.650266,7,84,34.149625062942505,0.5827812155087789,1.866712384753757,0.3814192482580741,0.0021923592883265,1.2523538404040866,0.0074146375991404,skills/chess/data/new_param.json
2021-11-26 18:20:30.897845,8,84,38.39720296859741,0.6902549531724718,2.008401751518249,0.5156647662321726,0.0021777372910744,1.329052752918667,0.0040369424192855,skills/chess/data/new_param.json
2021-11-26 18:20:35.176880,9,84,42.67623925209045,0.556050717830658,1.8528685172398884,0.5378174053298103,0.0021527631518741,1.3155789110395644,0.0076930453991129,skills/chess/data/new_param.json
2021-12-03 20:17:16.634452,0,53,0.794152021408081,1.148796796798706,2.15003494421641,1.0125453174114227,0.002292487071827,0.9572719931602478,0.1003077141940593,reward
2021-12-03 20:17:17.364000,1,53,1.523695945739746,0.9006981551647186,1.89941010872523,0.7915592789649963,0.0022832913091406,0.9821369349956512,0.0548655514915784,reward
2021-12-03 20:17:18.096374,2,53,2.256070852279663,0.7249644547700882,1.6173001527786257,0.6841002901395162,0.0022781532413015,0.9849344591299692,0.0272208155753711,reward
2021-12-03 20:17:18.813843,3,53,2.9735360145568848,0.6678047527869543,1.6461206674575806,0.6307007744908333,0.0022664242812121,1.0034138560295105,0.0257334736331055,reward
2021-12-03 20:17:19.546347,4,53,3.706045866012573,0.7770308554172516,1.720726529757182,0.5694247782230377,0.0022606461619337,0.9564355512460072,0.012805924595644,reward
2021-12-03 20:17:20.289615,5,53,4.449311017990112,0.6461062729358673,1.6101290384928386,0.6033105850219727,0.0022512124463294,0.9305063684781392,0.0326217813417315,reward
2021-12-03 20:17:21.033971,6,53,5.193665027618408,0.7269654969374338,1.689644952615102,0.4953602949778239,0.0022405491520961,0.9828190207481384,0.0137425896245986,reward
2021-12-03 20:17:21.757923,7,53,5.917616844177246,0.6466414133707682,1.626870294411977,0.5344589998324712,0.0022277396249895,1.0062985916932423,0.0312428412338097,reward
2021-12-03 20:17:22.488620,8,53,6.648313760757446,0.4462497377147277,1.3916921019554138,0.4952710755169391,0.0022182868172725,0.9331686894098916,0.0255102636292576,reward
2021-12-03 20:17:23.212746,9,53,7.37243914604187,0.521287590265274,1.4310758312543232,0.4613619521260261,0.0022166571191822,0.9314233561356864,0.0080815031736468,reward
2021-12-03 20:37:09.387194,0,97,1.3600409030914309,1.260251384973526,2.702903628349304,0.8464006096124649,0.0022913107415661,1.4725285410881042,0.0656832071952521,reward
2021-12-03 20:37:10.658421,1,97,2.631266832351685,0.8490381121635437,2.376772582530976,0.7504023373126983,0.0022792808013036,1.5897857189178466,0.0273324544774368,reward
2021-12-03 20:37:11.968866,2,97,3.94170880317688,0.6800675630569458,2.260739123821258,0.5905866682529449,0.0022578215459361,1.6364648818969727,0.0272655258886516,reward
2021-12-03 20:37:13.227688,3,97,5.200531959533691,0.6271601498126984,2.2083882331848144,0.5980529844760895,0.0022411882644519,1.5780549764633178,0.0205257332650944,reward
2021-12-03 20:37:14.496024,4,97,6.46886682510376,0.7316281706094742,2.3687309980392457,0.6943529486656189,0.002211467991583,1.5935015678405762,0.0112788364989683,reward
2021-12-03 20:37:15.795779,5,97,7.7686238288879395,0.4919376581907272,2.0367645263671874,0.6329766184091568,0.002195432037115,1.5769757270812987,0.0129144891834585,reward
2021-12-03 20:37:17.067549,6,97,9.040392875671388,0.6051801085472107,2.1689138174057008,0.5932962357997894,0.0021834833314642,1.6070700526237487,0.0099889962468296,reward
2021-12-03 20:37:18.327033,7,97,10.299879789352415,0.5464077085256577,2.157928323745728,0.5554740577936172,0.0021487687714397,1.574830138683319,0.0079586213978473,reward
2021-12-03 20:37:19.588685,8,97,11.561529874801636,0.5907264471054077,2.181865656375885,0.6163875013589859,0.0021276235114783,1.557651114463806,0.0044108544636401,reward
2021-12-03 20:37:20.844749,9,97,12.817592859268188,0.6209762513637542,2.1915128588676454,0.5950351417064667,0.0021041171625256,1.5782190322875975,0.0038397638243623,reward
2021-12-03 20:44:42.312991,0,89,1.1943299770355225,1.0104017191463046,2.6144980589548745,0.9211031595865884,0.0022902446540279,1.5992173353830974,0.0486266346027453,reward
2021-12-03 20:44:43.455676,1,89,2.33701491355896,0.7018370827039083,2.2839488718244763,0.759717497560713,0.0022790107565621,1.5651496913697984,0.0279178135097026,reward
2021-12-03 20:44:44.599809,2,89,3.4811487197875977,0.7493543227513632,2.319973283343845,0.6923066278298696,0.0022686116604341,1.544316702418857,0.0125658961284595,reward
2021-12-03 20:44:45.749400,3,89,4.630738735198975,0.7152603732215034,2.238861785994636,0.7320685452885098,0.0022595225212474,1.5537230173746746,0.017852919590142,reward
2021-12-03 20:44:46.902528,4,89,5.78386664390564,0.6632857289579179,2.1929614543914795,0.6589878135257297,0.0022535899964471,1.5522559483846028,0.0190133846934056,reward
2021-12-03 20:44:48.097782,5,89,6.979119777679443,0.704753170410792,2.1995195547739663,0.627804211444325,0.002243127182333,1.5231949885686238,0.0070463464944623,reward
2021-12-03 20:44:49.318626,6,89,8.199964761734009,0.6086936526828342,2.1220560603671603,0.5774511032634311,0.0022186696425908,1.5018973615434434,0.0065670845926635,reward
2021-12-03 20:44:50.524336,7,89,9.40567398071289,0.6787897249062856,2.200960569911533,0.756754994392395,0.0022136636026617,1.558265897962782,0.0068352586175832,reward
2021-12-03 20:44:51.710617,8,89,10.59195590019226,0.6401799023151398,2.1918491390016346,0.6771043737729391,0.0021960469376709,1.5317968395021226,0.0037833732656306,reward
2021-12-03 20:44:52.920204,9,89,11.801543712615969,0.7353147599432204,2.2754171424441867,0.64139038655493,0.0021781073107073,1.5331888993581135,0.005159548160413,reward
2021-12-03 20:45:37.156656,0,57,0.8108019828796387,1.415136178334554,3.033161004384359,1.2906617025534313,0.0022695874407266,1.5579619805018108,0.0123191844516744,reward
2021-12-03 20:45:37.915738,1,57,1.5698859691619873,1.0540197491645813,2.630579431851705,0.8524062732855479,0.0022660937393084,1.5099963545799255,0.0075692679577817,reward
2021-12-03 20:45:38.660083,2,57,2.3142290115356445,0.7309107035398483,2.253685971101125,0.7427830348412195,0.0022611216409131,1.5261522730191548,0.009352408281605,reward
2021-12-03 20:45:39.424671,3,57,3.078819990158081,0.6863284160693487,2.3062121868133545,0.6059281229972839,0.0022564490403359,1.451882302761078,0.0053170870523899,reward
2021-12-03 20:45:40.173442,4,57,3.827593088150024,0.5758461256821951,2.0793585777282715,0.5111672083536783,0.002244079640756,1.4868314266204834,0.0027734868635889,reward
2021-12-03 20:45:40.909794,5,57,4.563938856124878,0.601541722814242,2.1094396511713662,0.5172169754902521,0.0022351153117294,1.5379839936892192,0.0065643026961576,reward
2021-12-03 20:45:41.656457,6,57,5.310603141784668,0.4305545638004939,2.024811267852783,0.5570095082124075,0.0022168025995294,1.4810361663500469,0.0031933331629261,reward
2021-12-03 20:45:42.392595,7,57,6.0467400550842285,0.4716999481121699,2.0331706206003823,0.5665858040253321,0.0022131449465329,1.4988440076510112,0.0039738967704276,reward
2021-12-03 20:45:43.131909,8,57,6.786052942276001,0.5225346684455872,1.985952615737915,0.4664615641037623,0.002198122946235,1.4946655631065369,0.0038309500281078,reward
2021-12-03 20:45:43.878684,9,57,7.53282904624939,0.4247056369980176,1.98558513323466,0.457657774289449,0.0021769190595174,1.595532774925232,0.0021857726581705,reward
2021-12-03 20:54:45.962905,0,67,0.9748818874359132,0.7111324838229588,2.083517466272627,0.6852045101778848,0.0021132801193743,1.2456097262246268,0.0003486711523562,skills/chess/data/new_param(temp).json
2021-12-03 20:54:46.831221,1,67,1.8431830406188965,0.6257691723959786,1.9937846660614007,0.5519132358687264,0.0020818564309073,1.3429368223462783,0.0001303818935411,skills/chess/data/new_param(temp).json
2021-12-03 20:54:47.704599,2,67,2.716559886932373,0.6018037796020508,1.9857919216156008,0.648633382150105,0.0020596859644034,1.3446256603513445,7.754609292273276e-05,skills/chess/data/new_param(temp).json
2021-12-03 20:54:48.563974,3,67,3.575935840606689,0.468428088085992,1.7994708503995622,0.5354973460946765,0.0020302567697529,1.32765679700034,0.0001020041194611,skills/chess/data/new_param(temp).json
2021-12-03 20:54:49.546799,4,67,4.558764934539795,0.6494269371032715,1.949931894029889,0.6206443309783936,0.0020240069965698,1.3115480967930384,6.23667541991121e-05,skills/chess/data/new_param(temp).json
2021-12-03 20:54:50.408029,5,67,5.419990062713623,0.455321192741394,1.7448173420769828,0.5473436074597495,0.001981548981608,1.3427154336656844,3.062503862695719e-05,skills/chess/data/new_param(temp).json
2021-12-03 20:54:51.265756,6,67,6.277722120285034,0.520345653806414,1.7875266926629203,0.5082625235830035,0.0019591315982065,1.3383277995245797,9.323645593082932e-05,skills/chess/data/new_param(temp).json
2021-12-03 20:54:52.131215,7,67,7.143176794052124,0.6249719368559974,1.9190783670970373,0.5047606314931598,0.001956888474524,1.288143311228071,0.0001709123366059,skills/chess/data/new_param(temp).json
2021-12-03 20:54:52.999122,8,67,8.011084079742432,0.5708656438759395,1.84434255531856,0.5330589711666107,0.0019322668168959,1.270586064883641,7.985354932316113e-05,skills/chess/data/new_param(temp).json
2021-12-03 20:54:53.859015,9,67,8.87097692489624,0.5763753056526184,1.9165490525109428,0.4580910887037004,0.0018932133181286,1.2747415133884974,0.0001433050296587,skills/chess/data/new_param(temp).json
2021-12-03 20:57:35.096871,0,67,1.0018398761749268,0.8545180090836116,2.0868533679417203,0.809919399874551,0.0022024974293474,1.3151014532361711,0.000426677687106,skills/chess/data/new_param(temp).json
2021-12-03 20:57:35.976869,1,67,1.8818261623382568,0.7115812599658966,1.9635704585484093,0.6856224877493722,0.0021586212928273,1.249842916216169,0.0002483456929829,skills/chess/data/new_param(temp).json
2021-12-03 20:57:36.927999,2,67,2.8329520225524902,0.6563118611063276,1.8964710235595703,0.6409665133271899,0.0021029089444449,1.2484519141060966,0.0002471255169699,skills/chess/data/new_param(temp).json
2021-12-03 20:57:37.824154,3,67,3.729112148284912,0.514659081186567,1.7280705315726144,0.7142386777060372,0.0020800356786432,1.254051889692034,0.0004259576861776,skills/chess/data/new_param(temp).json
2021-12-03 20:57:38.726406,4,67,4.631360054016113,0.6487678842885154,1.8949577808380127,0.6114175277096885,0.0020335468330553,1.2387261390686035,0.0001680570031956,skills/chess/data/new_param(temp).json
2021-12-03 20:57:39.626211,5,67,5.531163930892944,0.4930689271007265,1.7151997940880912,0.5173759439161846,0.0020154182400022,1.1645296386310031,0.0003425638507386,skills/chess/data/new_param(temp).json
2021-12-03 20:57:40.524551,6,67,6.429503917694092,0.6611040234565735,1.9035851103918893,0.558441868850163,0.0020322716029893,1.202980875968933,0.0001757845015423,skills/chess/data/new_param(temp).json
2021-12-03 20:57:41.425092,7,67,7.330044984817505,0.5030028777463096,1.679978336606707,0.5322645860058921,0.0020005225004362,1.1938496657780238,0.0001721334759037,skills/chess/data/new_param(temp).json
2021-12-03 20:57:42.331085,8,67,8.236037969589233,0.5627322580133166,1.7537116152899606,0.5403075920683997,0.0019758339372596,1.1897388185773576,6.587888590762045e-05,skills/chess/data/new_param(temp).json
2021-12-03 20:57:43.227124,9,67,9.132076978683472,0.4842921325138637,1.6819328580583846,0.5120505307401929,0.0018822380474635,1.1577378937176297,3.618424307205714e-05,skills/chess/data/new_param(temp).json
2021-12-03 20:59:00.421396,0,112,1.5849342346191406,1.0041697770357132,2.494062374035517,0.9902261594931284,0.0023347878304775,1.4119943380355835,0.0002615131778232,skills/chess/data/new_param(temp).json
2021-12-03 20:59:01.906079,1,112,3.069608211517334,0.7430719633897146,2.110262006521225,0.6271037260691324,0.002316911976474,1.3092343757549922,3.3078433375521854e-05,skills/chess/data/new_param(temp).json
2021-12-03 20:59:03.401648,2,112,4.5651772022247314,0.6770682136217753,2.0756117602189383,0.6236629995206991,0.0022619150889416,1.3191875120004015,3.3448440566038094e-05,skills/chess/data/new_param(temp).json
2021-12-03 20:59:04.899012,3,112,6.0625410079956055,0.5873795449733734,1.854020953178405,0.5469825274000565,0.0022589749520799,1.3487967054049177,9.225249712585536e-05,skills/chess/data/new_param(temp).json
2021-12-03 20:59:06.370175,4,112,7.533704280853271,0.5968080957730612,1.907733718554179,0.6032447069883347,0.0022229471748384,1.32087475558122,0.0001897032871056,skills/chess/data/new_param(temp).json
2021-12-03 20:59:07.839742,5,112,9.003272294998169,0.603667880098025,1.9037969410419464,0.5614505757888159,0.0022005003993399,1.2512811720371246,0.0001143152166302,skills/chess/data/new_param(temp).json
2021-12-03 20:59:09.339313,6,112,10.502843141555786,0.5306426510214806,1.759657601515452,0.5103185189267,0.0021698024356737,1.269740621248881,0.0002071111330224,skills/chess/data/new_param(temp).json
2021-12-03 20:59:10.824934,7,112,11.988463163375854,0.638965959350268,1.8814016977945964,0.5220273012916247,0.0021403847398081,1.192493552962939,8.703289762953166e-05,skills/chess/data/new_param(temp).json
2021-12-03 20:59:12.316424,8,112,13.4799542427063,0.5023743659257889,1.7237853407859802,0.5413629685839018,0.0021156657021492,1.1800194929043453,0.0001409227514462,skills/chess/data/new_param(temp).json
2021-12-03 20:59:13.836185,9,112,14.999732255935667,0.6325304334362348,1.8574301898479464,0.5120044549306234,0.0020875818833398,1.2224168181419373,8.452416947572298e-05,skills/chess/data/new_param(temp).json
2021-12-03 21:00:27.202996,0,101,1.3437669277191162,1.3267153084278107,2.512682318687439,1.3279791831970216,0.0023198136361315,1.1625119805336,0.0003763375294283,skills/chess/data/new_param(temp).json
2021-12-03 21:00:28.481440,1,101,2.62221097946167,0.9786705195903778,2.1498560905456543,0.9298210620880129,0.0023570488672703,1.220892369747162,0.0004377218039735,skills/chess/data/new_param(temp).json
2021-12-03 21:00:29.763942,2,101,3.9047138690948486,0.8204803228378296,1.9773539423942563,0.8447601914405822,0.0023342430125921,1.1185897290706637,0.0003213302428775,skills/chess/data/new_param(temp).json
2021-12-03 21:00:31.032899,3,101,5.173669815063477,0.8423881590366363,2.02533884048462,0.8065165638923645,0.0022787058493122,1.0977066695690154,0.000210818513915,skills/chess/data/new_param(temp).json
2021-12-03 21:00:32.324674,4,101,6.465446949005127,0.6747214913368225,1.8274619102478027,0.5712789535522461,0.0023041104432195,1.1905202269554138,0.0001199074564283,skills/chess/data/new_param(temp).json
2021-12-03 21:00:33.630454,5,101,7.771227836608887,0.588736891746521,1.7473631381988526,0.5794748187065124,0.0022851373068988,1.1124544739723206,5.103487856104039e-05,skills/chess/data/new_param(temp).json
2021-12-03 21:00:35.001838,6,101,9.142611980438232,0.5749280959367752,1.7360826134681702,0.4836551517248154,0.0022665418684482,1.121725708246231,2.055769361959392e-05,skills/chess/data/new_param(temp).json
2021-12-03 21:00:36.284006,7,101,10.424777030944824,0.6015217244625092,1.6935007333755494,0.5855733633041382,0.0022552067879587,1.0993249058723449,2.060843448816741e-05,skills/chess/data/new_param(temp).json
2021-12-03 21:00:37.567154,8,101,11.707926034927368,0.5969872951507569,1.744345486164093,0.5788116425275802,0.0022486844100058,1.1326446771621703,6.6406919131623e-06,skills/chess/data/new_param(temp).json
2021-12-03 21:00:38.864850,9,101,13.005621910095217,0.552623650431633,1.6389246463775635,0.5370597541332245,0.0022159727057442,1.1446744918823242,4.967000020883461e-06,skills/chess/data/new_param(temp).json
2021-12-03 21:03:17.422488,0,51,0.713709831237793,0.7883824944496155,1.9199104070663453,0.8208751559257508,0.0021806305740028,1.064436686038971,0.0002875109182653,skills/chess/data/new_param(temp).json
2021-12-03 21:03:18.064508,1,51,1.355730056762695,0.670809531211853,1.753507709503174,0.621167802810669,0.0021745522972196,1.0310886025428772,0.0004640225379262,skills/chess/data/new_param(temp).json
2021-12-03 21:03:18.705673,2,51,1.9968938827514648,0.6018543183803559,1.7177124738693237,0.5753731667995453,0.0021454701200127,1.0779749512672423,0.0001068188277713,skills/chess/data/new_param(temp).json
2021-12-03 21:03:19.342704,3,51,2.633924961090088,0.6338136315345764,1.7489497184753418,0.5648896634578705,0.0021527984179556,1.1791818618774417,0.0001588384686328,skills/chess/data/new_param(temp).json
2021-12-03 21:03:19.984764,4,51,3.2759850025177,0.4955824553966522,1.6219009637832642,0.5585419237613678,0.002142568398267,1.1328634023666382,0.0002013017755416,skills/chess/data/new_param(temp).json
2021-12-03 21:03:20.652078,5,51,3.9432997703552246,0.6269940435886383,1.654268741607666,0.4372655034065246,0.0021151303546503,1.0326640963554383,0.0001949744276771,skills/chess/data/new_param(temp).json
2021-12-03 21:03:21.300431,6,51,4.591652870178223,0.5185845077037812,1.566909384727478,0.5612048983573914,0.002095046150498,1.0663277745246886,0.0002060238737612,skills/chess/data/new_param(temp).json
2021-12-03 21:03:21.927548,7,51,5.2187700271606445,0.4865023076534271,1.582918691635132,0.6496033310890198,0.0021105729509145,1.0744958519935608,0.0001611655505257,skills/chess/data/new_param(temp).json
2021-12-03 21:03:22.563906,8,51,5.855127811431885,0.4704498082399368,1.5397461652755735,0.5644477546215058,0.0020807702094316,1.0535831212997435,0.0001788434048648,skills/chess/data/new_param(temp).json
2021-12-03 21:03:23.202032,9,51,6.493253946304321,0.6286275804042816,1.6857948541641234,0.4901689946651458,0.0020762019092217,1.066720426082611,0.0001018842172925,skills/chess/data/new_param(temp).json
2021-12-03 22:17:14.738097,0,54,0.7868950366973877,2.209130644798279,3.286253412564596,1.562525987625122,0.0021475272757622,1.084236393372218,0.0006407218170352,skills/chess/data/new_param(temp).json
2021-12-03 22:17:15.474362,1,54,1.5231599807739258,1.3390051523844402,2.4208929340044656,1.3240311940511067,0.0021545068981746,1.088302622238795,0.000546475941519,skills/chess/data/new_param(temp).json
2021-12-03 22:17:16.203734,2,54,2.252532958984375,1.0643961330254872,2.170633633931478,1.193731129169464,0.0021355055117358,1.0807913939158122,0.0005049462779425,skills/chess/data/new_param(temp).json
2021-12-03 22:17:16.925760,3,54,2.9745590686798096,1.0794814229011536,2.155803084373474,0.9780848721663156,0.0021306085400283,1.1073104043801625,0.0002353143584817,skills/chess/data/new_param(temp).json
2021-12-03 22:17:17.651828,4,54,3.7006289958953857,0.9731439451376596,2.090754886468252,0.9561278919378916,0.0021419446372116,1.066265632708867,0.000111033693732,skills/chess/data/new_param(temp).json
2021-12-03 22:17:18.375858,5,54,4.42465615272522,0.9309825797875724,1.9960652391115823,0.9429608782132468,0.0021347810397855,1.067161480585734,0.0001029981532762,skills/chess/data/new_param(temp).json
2021-12-03 22:17:19.104384,6,54,5.1531822681427,0.8639602661132812,2.005057692527771,0.807691236337026,0.0021224179072305,1.12223486105601,6.831966311438009e-05,skills/chess/data/new_param(temp).json
2021-12-03 22:17:19.857934,7,54,5.906732082366943,0.8325670460859934,1.8690885504086807,0.8296714822451273,0.0021087854208114,1.1052136719226835,4.0285194548535706e-05,skills/chess/data/new_param(temp).json
2021-12-03 22:17:20.598699,8,54,6.647500991821289,0.7477851957082748,1.7900161544481914,0.7412904699643453,0.0021034871072818,1.0673721333344777,3.863518027931908e-05,skills/chess/data/new_param(temp).json
2021-12-03 22:17:21.353148,9,54,7.401945114135742,0.7228456536928812,1.8351388573646543,0.6751612623532613,0.0021098703922082,1.1003982424736023,5.861326371814357e-05,skills/chess/data/new_param(temp).json
2021-12-03 22:21:17.278756,0,132,1.7703721523284912,0.809960058757237,2.0150341391563416,0.8264671329941068,0.0021644134623264,1.177772969007492,0.0003279997247643,skills/chess/data/new_param(temp).json
2021-12-03 22:21:19.025025,1,132,3.5166380405426025,0.6569793713944299,1.837098453726088,0.6726336777210236,0.0021384987547727,1.165447716202055,0.0001073094613275,skills/chess/data/new_param(temp).json
2021-12-03 22:21:20.760317,2,132,5.25192928314209,0.5727896647793906,1.7393423744610377,0.5756282274212156,0.002080290869344,1.1199342267853871,5.98421061600415e-05,skills/chess/data/new_param(temp).json
2021-12-03 22:21:22.498922,3,132,6.99053430557251,0.5444514293755803,1.7020035982131958,0.5214777626097202,0.0020352420064487,1.1291751563549042,5.635581434099939e-05,skills/chess/data/new_param(temp).json
2021-12-03 22:21:24.241554,4,132,8.733166217803955,0.5028322285839489,1.674041109425681,0.6259094732148307,0.0020151160590882,1.1224102675914764,3.470802614304246e-05,skills/chess/data/new_param(temp).json
2021-12-03 22:21:25.995907,5,132,10.487519979476929,0.5299129571233477,1.6567599943705968,0.4782457543270929,0.0019976842699439,1.1884222796985082,2.6624630359200247e-05,skills/chess/data/new_param(temp).json
2021-12-03 22:21:27.721339,6,132,12.212952136993408,0.4616881172571863,1.5651806082044328,0.5510878701295171,0.0019440950792548,1.1326464882918768,2.449337470064197e-05,skills/chess/data/new_param(temp).json
2021-12-03 22:21:29.501622,7,132,13.993235111236572,0.4891298062035015,1.638693026133946,0.5544293033225196,0.0018994908231044,1.129489289862769,1.8109949386208818e-05,skills/chess/data/new_param(temp).json
2021-12-03 22:21:31.244924,8,132,15.736538171768188,0.5488757617505533,1.6420959489686149,0.4094107752399785,0.001880084172756,1.118958409343447,1.545504846944823e-05,skills/chess/data/new_param(temp).json
2021-12-03 22:21:33.000162,9,132,17.491775035858154,0.5742150332246508,1.7200165816715784,0.4486468115023204,0.0019256563807305,1.078102707862854,1.1986599442285037e-05,skills/chess/data/new_param(temp).json
2021-12-03 22:27:54.627954,0,56,0.7945950031280518,0.6538926760355631,1.71214493115743,0.7052377164363861,0.0020648820015291,1.0311581194400787,0.0004064854309338,skills/chess/data/new_param(temp).json
2021-12-03 22:27:55.447358,1,56,1.6139960289001465,0.6267523343364397,1.657221833864848,0.5944785277048746,0.0019958063300388,1.0206676423549652,0.0001442287096627,skills/chess/data/new_param(temp).json
2021-12-03 22:27:56.182178,2,56,2.348814010620117,0.5892039636770884,1.6097790996233623,0.5282071133454641,0.0019999042269773,1.0658255020777383,0.0001017514465881,skills/chess/data/new_param(temp).json
2021-12-03 22:27:56.911811,3,56,3.0784449577331543,0.4947132021188736,1.5110548535982768,0.4766529053449631,0.0020224742086914,1.0279913047949474,8.428463039914884e-05,skills/chess/data/new_param(temp).json
2021-12-03 22:27:57.652250,4,56,3.8188841342926025,0.5564482261737188,1.5703117847442627,0.5098395521442095,0.002002471340044,0.9905761082967124,6.926626883796416e-05,skills/chess/data/new_param(temp).json
2021-12-03 22:27:58.386409,5,56,4.553046941757202,0.489718422293663,1.4981342156728108,0.5006338494519392,0.0019238452465894,1.0508752167224884,5.3666741981336e-05,skills/chess/data/new_param(temp).json
2021-12-03 22:27:59.117113,6,56,5.283748149871826,0.5922734091679255,1.5688810149828594,0.6494229187568029,0.0019226133590564,1.0225588480631511,6.568073543652038e-05,skills/chess/data/new_param(temp).json
2021-12-03 22:27:59.851823,7,56,6.01845908164978,0.5147903114557266,1.5183504819869995,0.5899974356094996,0.0019002690290411,0.978900671005249,0.0002211342611341,skills/chess/data/new_param(temp).json
2021-12-03 22:28:00.622888,8,56,6.789525270462036,0.5258679936329523,1.577276388804118,0.5547123849391937,0.0019197340394991,0.9948281844456992,0.000133032471543,skills/chess/data/new_param(temp).json
2021-12-03 22:28:01.384439,9,56,7.551078081130981,0.471159927546978,1.478830099105835,0.6039889454841614,0.0018960924547476,0.9960648814837136,0.0001119632828097,skills/chess/data/new_param(temp).json
2021-12-03 22:29:26.164146,0,24,0.4113600254058838,0.5497106115023295,1.474193096160889,0.5097847282886505,0.001876401520955,1.0428877075513203,0.0008367030338073,skills/chess/data/new_param(temp).json
2021-12-03 22:29:26.518683,1,24,0.765894889831543,0.433907816807429,1.3398373524347942,0.6449618538220724,0.0019390702170009,1.004088560740153,0.0003385739886046,skills/chess/data/new_param(temp).json
2021-12-03 22:29:26.857177,2,24,1.1043920516967771,0.6630194385846456,1.651808778444926,0.7215661307175955,0.001895505702123,1.040440301100413,0.0002045861062166,skills/chess/data/new_param(temp).json
2021-12-03 22:29:27.197787,3,24,1.4450020790100098,0.7078707615534464,1.602728525797526,0.662299116452535,0.0018455920508131,0.8588056763013204,0.0001415138247769,skills/chess/data/new_param(temp).json
2021-12-03 22:29:27.547036,4,24,1.79424786567688,0.6073965231577555,1.5221000512441,0.6721754272778829,0.0018778202744821,0.9260035157203674,2.812628300337868e-05,skills/chess/data/new_param(temp).json
2021-12-03 22:29:27.887917,5,24,2.135128736495972,0.4451035559177398,1.404822866121928,0.3676649530728658,0.0017565480278184,0.9482654333114624,6.829974760573047e-05,skills/chess/data/new_param(temp).json
2021-12-03 22:29:28.232700,6,24,2.479912042617798,0.4579496582349141,1.477619965871175,0.5083096424738566,0.0017665807002534,0.966803252696991,7.629993221295688e-05,skills/chess/data/new_param(temp).json
2021-12-03 22:29:28.572990,7,24,2.820202112197876,0.4354646901289622,1.4120887915293376,0.554754505554835,0.0018500807151819,0.9261058568954468,7.20541811460862e-05,skills/chess/data/new_param(temp).json
2021-12-03 22:29:28.916113,8,24,3.16332483291626,0.4442403217156728,1.3601287603378296,0.8389983574549357,0.0018149998116617,0.963006556034088,1.411730409017764e-05,skills/chess/data/new_param(temp).json
2021-12-03 22:29:29.267474,9,24,3.514688014984131,0.6085060834884644,1.608649810155233,0.5429988106091818,0.0018927392472202,0.9489299654960632,0.0001305571398309,skills/chess/data/new_param(temp).json
2021-12-03 22:32:39.862725,0,140,1.848046064376831,0.667377171771867,1.833068098340716,0.6476872180189405,0.0019514120982161,1.1658056335789817,0.0002630283517126,skills/chess/data/new_param(temp).json
2021-12-03 22:32:41.629301,1,140,3.6146161556243896,0.5858771353960037,1.760161169937679,0.6023714052779334,0.0018765314099644,1.156959410224642,0.0001544861441808,skills/chess/data/new_param(temp).json
2021-12-03 22:32:43.459157,2,140,5.444472074508667,0.5879496101822171,1.7505474856921606,0.5023826616150993,0.0018522911871384,1.1233965839658464,9.17129113986448e-05,skills/chess/data/new_param(temp).json
2021-12-03 22:32:45.225567,3,140,7.210883140563965,0.5244834327272007,1.6607009853635517,0.550723963550159,0.0018473920146269,1.1421395284788949,0.0001039082412067,skills/chess/data/new_param(temp).json
2021-12-03 22:32:47.032018,4,140,9.017336130142212,0.5250285800014224,1.647767892905644,0.5542680365698678,0.0018484668689779,1.1288948144231523,7.240400808378971e-05,skills/chess/data/new_param(temp).json
2021-12-03 22:32:48.805210,5,140,10.790525913238524,0.5405114250523704,1.649449178150722,0.4906537958553859,0.0017892323999798,1.1478092287267958,3.102847326122823e-05,skills/chess/data/new_param(temp).json
2021-12-03 22:32:50.604951,6,140,12.590266942977903,0.5502010275210653,1.6759182129587449,0.5157351962157658,0.0017405665795584,1.133719448532377,7.315774947106287e-06,skills/chess/data/new_param(temp).json
2021-12-03 22:32:52.368056,7,140,14.353376150131226,0.436015074806554,1.536845096520015,0.4462303795984813,0.0017548477875867,1.1168534670557295,1.010769148430362e-05,skills/chess/data/new_param(temp).json
2021-12-03 22:32:54.158361,8,140,16.143680095672607,0.5838797752346311,1.71760493516922,0.4995780736207962,0.0017703730346901,1.104895259652819,9.167758759888652e-06,skills/chess/data/new_param(temp).json
2021-12-03 22:32:56.011379,9,140,17.99670100212097,0.4696223927395684,1.598175823688507,0.5167066561324256,0.0017238123774794,1.14231019786426,6.778085483866951e-06,skills/chess/data/new_param(temp).json
2021-12-03 22:48:06.380292,0,25,0.4131557941436767,1.0782678127288818,2.3411977291107178,0.7456795970598856,0.0022898101403067,1.2196983098983765,0.1258084177970886,skills/chess/data/new_param(temp).json
2021-12-03 22:48:06.733511,1,25,0.7663748264312744,0.8350704511006674,2.1089327335357666,0.6465177138646444,0.0022829227770368,1.2834959427515666,0.0431576501578092,skills/chess/data/new_param(temp).json
2021-12-03 22:48:07.080338,2,25,1.113203763961792,0.5465758939584097,1.782105843226115,0.6822173198064169,0.0022648673815031,1.4608846108118694,0.045303617293636,skills/chess/data/new_param(temp).json
2021-12-03 22:48:07.422372,3,25,1.455235719680786,0.6152388453483582,1.9368987878163653,0.6293840706348419,0.002265569831555,1.3515968720118203,0.0110388879353801,skills/chess/data/new_param(temp).json
2021-12-03 22:48:07.771061,4,25,1.8039259910583496,0.8454298774401346,2.327866474787394,0.6466105580329895,0.0022666069368521,1.415041406949361,0.0444430572291215,skills/chess/data/new_param(temp).json
2021-12-03 22:48:08.124947,5,25,2.1578118801116943,0.7501649061838785,2.101351857185364,0.6343607107798258,0.0022617836172382,1.332762598991394,0.0261073863754669,skills/chess/data/new_param(temp).json
2021-12-03 22:48:08.467335,6,25,2.500199794769287,0.6810609698295593,1.9903732935587568,0.6302057305971781,0.002262193399171,1.4241369167963664,0.0266874828763927,skills/chess/data/new_param(temp).json
2021-12-03 22:48:08.813587,7,25,2.8464508056640625,0.5115970273812612,1.9621883233388264,0.6534926493962606,0.002235997080182,1.386013746261597,0.0531380785008271,skills/chess/data/new_param(temp).json
2021-12-03 22:48:09.166219,8,25,3.1990835666656494,0.527489960193634,2.00141712029775,0.4249667177597682,0.0022408093015352,1.4297573169072468,0.0278073617567618,skills/chess/data/new_param(temp).json
2021-12-03 22:48:09.514449,9,25,3.547313928604126,0.5972537597020467,1.9976862668991089,0.4287564059098561,0.0022419194380442,1.3664859533309937,0.031347798804442,skills/chess/data/new_param(temp).json
2021-12-03 22:48:37.207110,0,31,0.4712409973144531,1.5438294013341267,2.9922887484232583,1.4683290322621665,0.0022806244281431,1.427087426185608,0.0446771215647459,skills/chess/data/new_param(temp).json
2021-12-03 22:48:37.598668,1,31,0.8627879619598389,1.1207008759180703,2.4727617104848227,0.8184560934702555,0.0022576106712222,1.3786283334096272,0.0420080507174134,skills/chess/data/new_param(temp).json
2021-12-03 22:48:37.986111,2,31,1.2502329349517822,0.8600886464118958,2.2543416023254395,0.8359381556510925,0.002249492254729,1.4287108182907104,0.010997826543947,skills/chess/data/new_param(temp).json
2021-12-03 22:48:38.390969,3,31,1.6550910472869873,0.6336430311203003,2.125051021575928,0.6443237960338593,0.0022389149138083,1.508607347806295,0.0159149287889401,skills/chess/data/new_param(temp).json
2021-12-03 22:48:38.780666,4,31,2.044785976409912,0.6118186314900717,2.1164909998575845,0.7043578227361044,0.0022460081769774,1.423145055770874,0.0106910923495888,skills/chess/data/new_param(temp).json
2021-12-03 22:48:39.166747,5,31,2.4308650493621826,0.5723942120869955,2.061021327972412,0.663968026638031,0.0022327415645122,1.420476237932841,0.0117398227254549,skills/chess/data/new_param(temp).json
2021-12-03 22:48:39.547945,6,31,2.812062978744507,0.7173194686571757,2.374584913253784,0.4413215418656667,0.0022207568399608,1.4362229506174724,0.0145325101135919,skills/chess/data/new_param(temp).json
2021-12-03 22:48:39.929172,7,31,3.193290948867798,0.521042654911677,2.0291947523752847,0.4150190552075704,0.0022207962659498,1.4492861032485962,0.0056989070338507,skills/chess/data/new_param(temp).json
2021-12-03 22:48:40.314349,8,31,3.578466892242432,0.6855382819970449,2.254476308822632,0.541483054558436,0.0022140142973512,1.4344041347503662,0.0023013016907498,skills/chess/data/new_param(temp).json
2021-12-03 22:48:40.693340,9,31,3.957458019256592,0.6031930049260458,2.111909866333008,0.6394769052664439,0.0022198481019586,1.3875635067621868,0.0053602765935162,skills/chess/data/new_param(temp).json
2021-12-03 22:49:44.742940,0,46,0.7306351661682129,1.0268923878669738,3.669470405578613,0.6401212394237519,0.0022791889496147,2.484520101547241,0.117160415649414,skills/chess/data/new_param(temp).json
2021-12-03 22:49:45.385542,1,46,1.3732359409332275,0.7804574728012085,3.277477550506592,0.6481169044971467,0.002283770032227,2.5361819744110106,0.0746679431758821,skills/chess/data/new_param(temp).json
2021-12-03 22:49:45.998346,2,46,1.986044883728028,0.6344582736492157,3.156313991546631,0.6252795934677124,0.0022741741500794,2.5840680599212646,0.018406936712563,skills/chess/data/new_param(temp).json
2021-12-03 22:49:46.625697,3,46,2.613391876220703,0.5796350598335266,3.064136791229248,0.5826509475708008,0.0022555301431566,2.489846181869507,0.013739349367097,skills/chess/data/new_param(temp).json
2021-12-03 22:49:47.237217,4,46,3.2249109745025635,0.5721307218074798,3.150398921966553,0.5583649098873138,0.0022472841199487,2.479706430435181,0.011071775201708,skills/chess/data/new_param(temp).json
2021-12-03 22:49:47.853405,5,46,3.8410990238189697,0.5721565902233123,3.251879644393921,0.5467102766036988,0.0022526361513882,2.5008122444152834,0.0125760830007493,skills/chess/data/new_param(temp).json
2021-12-03 22:49:48.485523,6,46,4.473219871520996,0.5087902128696442,3.0312381744384767,0.4689741313457489,0.0022341161035001,2.556312322616577,0.0130880671553313,skills/chess/data/new_param(temp).json
2021-12-03 22:49:49.114256,7,46,5.101953029632568,0.5157296478748321,3.1208985805511475,0.5358793377876282,0.0022239368408918,2.5461822509765626,0.0078400538070127,skills/chess/data/new_param(temp).json
2021-12-03 22:49:49.724168,8,46,5.711862087249756,0.575477808713913,3.1275887966156004,0.646734070777893,0.0022118506021797,2.573765134811401,0.007514893496409,skills/chess/data/new_param(temp).json
2021-12-03 22:49:50.336693,9,46,6.324387073516846,0.4721827298402786,2.914035034179688,0.3715830683708191,0.0022095814347267,2.576257276535034,0.0064980772323906,skills/chess/data/new_param(temp).json
2021-12-03 22:55:23.233888,0,305,3.98168420791626,0.9633460294815802,3.2842686099390828,0.942977040044723,0.0022857874977372,2.3465350693272007,0.0410541745067964,skills/chess/data/new_param(temp).json
2021-12-03 22:55:27.173011,1,305,7.920797109603882,0.7579266505856668,3.4221090655173025,0.7112076917002278,0.0022492882149714,2.583857774734497,0.0123638454036066,skills/chess/data/new_param(temp).json
2021-12-03 22:55:31.074753,2,305,11.822537899017334,0.6729700200019344,3.317916993171938,0.6381979853876175,0.0022141234723911,2.614065285651914,0.006578842310832,skills/chess/data/new_param(temp).json
2021-12-03 22:55:35.065145,3,305,15.812945127487184,0.6662241105110415,3.3174857401078746,0.6449041799191506,0.0021736456021185,2.690927570866,0.0033259383091072,skills/chess/data/new_param(temp).json
2021-12-03 22:55:38.964537,4,305,19.712321996688843,0.7459537665690145,3.417659482648296,0.598707914352417,0.0021284535346973,2.5869768742592103,0.0013043417683577,skills/chess/data/new_param(temp).json
2021-12-03 22:55:42.874475,5,305,23.622260093688965,0.6361169276698944,3.1702497928373274,0.60920230227132,0.0020830136603645,2.6129261139900453,0.000500254622884,skills/chess/data/new_param(temp).json
2021-12-03 22:55:46.851039,6,305,27.59882521629333,0.6698751151561737,3.206170358965474,0.6281544873791356,0.0020354161407017,2.5377823575850456,0.0001954138449418,skills/chess/data/new_param(temp).json
2021-12-03 22:55:50.764919,7,305,31.51270294189453,0.6265551409413738,3.053003595721337,0.6894553149900129,0.0020026579281435,2.468104081769144,7.321082707236318e-05,skills/chess/data/new_param(temp).json
2021-12-03 22:55:54.766529,8,305,35.51432490348816,0.643862477233333,3.043636068221061,0.6466176471402568,0.0019800921624165,2.308030428424958,3.489343494185314e-05,skills/chess/data/new_param(temp).json
2021-12-03 22:55:58.821867,9,305,39.56965231895447,0.6326269545862752,2.9306293226057485,0.5667898457857871,0.0019438816121809,2.3018052539517804,5.152269655390514e-06,skills/chess/data/new_param(temp).json
2021-12-03 22:57:01.044311,0,89,1.2075729370117188,0.9358918203247918,2.424168825149536,0.910440338982476,0.0021472804817474,1.425859769185384,0.0003066245076297,skills/chess/data/new_param(temp).json
2021-12-03 22:57:02.183496,1,89,2.34675931930542,0.7780616581439972,2.126281340916952,0.84593865275383,0.0020949066254413,1.372477822833591,0.000201333769534,skills/chess/data/new_param(temp).json
2021-12-03 22:57:03.321311,2,89,3.484572172164917,0.7863098912768893,2.1339995861053467,0.6025289992491404,0.0020534828201764,1.4010252952575684,9.202871294494092e-05,skills/chess/data/new_param(temp).json
2021-12-03 22:57:04.590038,3,89,4.75330114364624,0.5567083226309882,1.883974724345737,0.6929304997126261,0.0020030490898837,1.3031067980660334,8.5631256701567e-05,skills/chess/data/new_param(temp).json
2021-12-03 22:57:05.729590,4,89,5.892853021621704,0.481763740380605,1.7653797335094876,0.5602136452992758,0.0019627017512296,1.2939847575293646,4.277066677281659e-05,skills/chess/data/new_param(temp).json
2021-12-03 22:57:06.923194,5,89,7.0865159034729,0.5540047784646353,1.8301641676161025,0.551015188296636,0.0019663380614171,1.351886722776625,3.1519790960980267e-05,skills/chess/data/new_param(temp).json
2021-12-03 22:57:08.116228,6,89,8.279489994049072,0.5986918111642202,1.910369939274258,0.4803805748621623,0.00192175737013,1.3364934126536052,1.7703303456073627e-05,skills/chess/data/new_param(temp).json
2021-12-03 22:57:09.315514,7,89,9.478776216506958,0.5870695213476816,1.8708644178178573,0.5725277364253998,0.0018626897621692,1.2735634909735785,2.548766800221832e-05,skills/chess/data/new_param(temp).json
2021-12-03 22:57:10.502496,8,89,10.66575813293457,0.5380579663647546,1.7955309682422214,0.5134457217322456,0.0018641031864616,1.2584549718432956,1.7103711899027177e-05,skills/chess/data/new_param(temp).json
2021-12-03 22:57:11.699539,9,89,11.8628032207489,0.5264516936408149,1.831257369783189,0.5792480972078111,0.0018679895567604,1.2773877647187974,1.9035902103799646e-05,skills/chess/data/new_param(temp).json
2021-12-03 23:00:20.665760,0,60,0.8358860015869141,0.6188232352336248,1.9657175342241924,0.6122325509786606,0.0019228819680089,1.319404383500417,0.0002105287062477,skills/chess/data/new_param(temp).json
2021-12-03 23:00:21.435225,1,60,1.605354070663452,0.6545674204826355,2.0681446393330893,0.5552372088034948,0.0018677348853088,1.284592628479004,0.0001066994385231,skills/chess/data/new_param(temp).json
2021-12-03 23:00:22.204521,2,60,2.3746461868286133,0.5051987618207932,1.8450835545857749,0.6608373125394186,0.0017903056577779,1.304194192091624,9.164549720708236e-05,skills/chess/data/new_param(temp).json
2021-12-03 23:00:22.966740,3,60,3.1368651390075684,0.5724650348226229,1.9522281487782795,0.5099826802810034,0.0018346957707156,1.292017896970113,4.041159051363744e-05,skills/chess/data/new_param(temp).json
2021-12-03 23:00:23.746771,4,60,3.916896104812622,0.4071645786364873,1.738629142443339,0.572457417845726,0.0017981028067879,1.3276644349098206,3.917508142118701e-05,skills/chess/data/new_param(temp).json
2021-12-03 23:00:24.541263,5,60,4.711389064788818,0.7269274244705836,2.030233085155487,0.4620010703802109,0.0017464649669515,1.3483623663584392,4.3796645835906624e-05,skills/chess/data/new_param(temp).json
2021-12-03 23:00:25.321099,6,60,5.491223096847534,0.5637973050276438,1.857656717300415,0.4881031264861424,0.0017004976786362,1.3259358008702595,7.81352691774373e-05,skills/chess/data/new_param(temp).json
2021-12-03 23:00:26.105787,7,60,6.275915145874023,0.3778304035464923,1.7239333391189575,0.4740417351325353,0.0017438856496786,1.3477620482444763,7.295867021639424e-05,skills/chess/data/new_param(temp).json
2021-12-03 23:00:26.909838,8,60,7.07996392250061,0.5461587160825729,1.8665364384651184,0.4864293585220973,0.0017838950928611,1.3013933499654131,6.144746627493684e-05,skills/chess/data/new_param(temp).json
2021-12-03 23:00:27.697630,9,60,7.867755174636841,0.5840121905008951,1.898869514465332,0.4810442080100377,0.0016765502126266,1.3038612802823384,5.183565554034431e-05,skills/chess/data/new_param(temp).json
2021-12-03 23:01:03.583002,0,48,0.6784510612487793,0.6785773992538452,2.0494176387786864,0.6949878215789795,0.0019890676019713,1.407865619659424,0.0007060268959321,skills/chess/data/new_param(temp).json
2021-12-03 23:01:04.207154,1,48,1.3025989532470703,0.6100778579711914,1.956804418563843,0.6773805379867553,0.00192294458393,1.366962933540344,0.0004546963595203,skills/chess/data/new_param(temp).json
2021-12-03 23:01:04.840244,2,48,1.9356889724731443,0.6071337461471558,1.9321935176849363,0.7095359146595002,0.0019072687486186,1.35880651473999,0.0003073163883527,skills/chess/data/new_param(temp).json
2021-12-03 23:01:05.458874,3,48,2.5543198585510254,0.6358276009559631,1.993126893043518,0.4807906091213226,0.0019310464849695,1.4245407342910767,0.0001575418836182,skills/chess/data/new_param(temp).json
2021-12-03 23:01:06.075021,4,48,3.1704659461975098,0.5307659208774567,2.004149293899536,0.5497605264186859,0.0019185518147423,1.3735918283462525,0.0001474736161981,skills/chess/data/new_param(temp).json
2021-12-03 23:01:06.694550,5,48,3.789995908737183,0.4397571176290512,1.7557862520217895,0.7423374056816101,0.0018255482660606,1.4295984983444214,8.543228395865298e-05,skills/chess/data/new_param(temp).json
2021-12-03 23:01:07.312358,6,48,4.407801866531372,0.4405356287956238,1.750635766983032,0.4937672257423401,0.001880510454066,1.330131220817566,3.700552842929028e-05,skills/chess/data/new_param(temp).json
2021-12-03 23:01:07.972760,7,48,5.068208932876587,0.4977671384811401,1.8374789476394653,0.4738828539848327,0.0019228055141866,1.4399979829788208,2.7932520606555044e-05,skills/chess/data/new_param(temp).json
2021-12-03 23:01:08.595569,8,48,5.691013813018799,0.5255280196666717,1.841002869606018,0.5765088140964508,0.0018720486899837,1.3865910768508911,1.6586360470682848e-05,skills/chess/data/new_param(temp).json
2021-12-03 23:01:09.227643,9,48,6.323087930679321,0.5589716613292695,1.9073071479797363,0.6229506373405457,0.0019321854226291,1.384580373764038,1.4802388523094124e-05,skills/chess/data/new_param(temp).json
2021-12-03 23:02:43.847593,0,70,0.9695281982421875,0.6967921001570565,2.143135837146214,0.7145679763385228,0.0019489270136026399,1.4546748910631453,0.0003256475145982612,skills/chess/data/new_param(temp).json
2021-12-03 23:02:44.752102,1,70,1.8740310668945312,0.6017068581921714,2.0378873348236084,0.5962394518511636,0.001863095526849585,1.435119901384626,0.00014492167455110966,skills/chess/data/new_param(temp).json
2021-12-03 23:02:45.741365,2,70,2.8633031845092773,0.5783369030271258,1.930848343031747,0.46462266785757883,0.0018911394456933653,1.4055723462785994,7.227140122267883e-05,skills/chess/data/new_param(temp).json
2021-12-03 23:02:46.657035,3,70,3.7789649963378906,0.5213975331612996,1.973178539957319,0.45885007296289715,0.001764263176093144,1.4284375735691615,0.0002463550912839959,skills/chess/data/new_param(temp).json
2021-12-03 23:02:47.552715,4,70,4.674644947052002,0.5044668189116887,1.9330153465270996,0.5268279271466392,0.001764106863577451,1.420074803488595,0.0001053492799526014,skills/chess/data/new_param(temp).json
2021-12-03 23:02:48.453276,5,70,5.575205087661743,0.5569607147148677,2.001620207514082,0.43668244991983685,0.0016593888867646456,1.3190683126449585,5.149585909488711e-05,skills/chess/data/new_param(temp).json
2021-12-03 23:02:49.350885,6,70,6.472815275192261,0.5415008749280658,2.034195746694292,0.44970451082502094,0.0017377989799050348,1.361581495829991,3.1763930499956973e-05,skills/chess/data/new_param(temp).json
2021-12-03 23:02:50.247494,7,70,7.369424104690552,0.4792580987725939,1.9266750301633562,0.5457484764712197,0.00167176455059754,1.395152943474906,2.626655928647129e-05,skills/chess/data/new_param(temp).json
2021-12-03 23:02:51.255939,8,70,8.37787127494812,0.5236923226288387,1.9302373102733068,0.47780641061919077,0.0017753087117203645,1.375974910599845,6.959309660357706e-06,skills/chess/data/new_param(temp).json
2021-12-03 23:02:52.161773,9,70,9.283703088760376,0.536728139434542,1.95411935874394,0.4806958202804838,0.001694693845430655,1.369513988494873,4.072368515802996e-06,skills/chess/data/new_param(temp).json
2021-12-03 23:03:57.145047,0,84,1.2222988605499268,0.6010711391766866,2.058586173587375,0.6399811638726128,0.0018906998836124937,1.4957786798477173,0.0003642958292415541,skills/chess/data/new_param(temp).json
2021-12-03 23:03:58.313966,1,84,2.391206979751587,0.5754647850990295,2.058745582898458,0.6309744815031687,0.0018323985342350271,1.3982068300247192,0.0002838923264789628,skills/chess/data/new_param(temp).json
2021-12-03 23:03:59.487999,2,84,3.5652389526367188,0.5605251631802983,2.024546358320448,0.5377654830614725,0.00170927869880365,1.4973107046551175,0.0001196279971635603,skills/chess/data/new_param(temp).json
2021-12-03 23:04:00.627220,3,84,4.704462766647339,0.5765637507041296,2.0144304964277477,0.46787260472774506,0.0018087740496007933,1.5387822522057428,4.5683119525266295e-05,skills/chess/data/new_param(temp).json
2021-12-03 23:04:01.764618,4,84,5.84185791015625,0.5965683658917745,2.0703833368089466,0.5674379367329594,0.0017371178578792347,1.4371460808648004,2.861071933087563e-05,skills/chess/data/new_param(temp).json
2021-12-03 23:04:02.881782,5,84,6.959022045135498,0.4612698521878984,1.8640349573559232,0.5676572653982375,0.0016399109994785653,1.3937057256698608,2.076887388587541e-05,skills/chess/data/new_param(temp).json
2021-12-03 23:04:04.006388,6,84,8.083629131317139,0.5740294423368242,2.050562606917487,0.5549453463819292,0.0017364028996477525,1.432011326154073,2.70697604337992e-05,skills/chess/data/new_param(temp).json
2021-12-03 23:04:05.169506,7,84,9.24674677848816,0.6301802032523685,2.0843831300735474,0.5724788573053148,0.0016277066638900174,1.460952189233568,3.503552306938218e-05,skills/chess/data/new_param(temp).json
2021-12-03 23:04:06.301661,8,84,10.378901958465576,0.5238629562987221,1.9218119117948744,0.4817197223504384,0.0016569472047396833,1.5615842474831476,2.7473205288212437e-05,skills/chess/data/new_param(temp).json
2021-12-03 23:04:07.426260,9,84,11.503503799438477,0.5139788621001773,1.9239630301793416,0.5186149179935455,0.001717496417566306,1.4487289190292358,4.7909121753440966e-05,skills/chess/data/new_param(temp).json
